,eps,max_error
0,0.1,0.1529448
,0.15,0.1244607
,0.2,0.11089698
,0.25,0.11061467
,0.5,0.10072052
,1,0.10168859